{
  "hash": "9f9c386c",
  "configHash": "d4ef3eac",
  "lockfileHash": "b5f0792c",
  "browserHash": "83f4cc67",
  "optimized": {
    "@angular/common": {
      "src": "../../../../../../node_modules/@angular/common/fesm2022/common.mjs",
      "file": "@angular_common.js",
      "fileHash": "7fd7def1",
      "needsInterop": false
    },
    "@angular/common/http": {
      "src": "../../../../../../node_modules/@angular/common/fesm2022/http.mjs",
      "file": "@angular_common_http.js",
      "fileHash": "f0f685f1",
      "needsInterop": false
    },
    "@angular/core": {
      "src": "../../../../../../node_modules/@angular/core/fesm2022/core.mjs",
      "file": "@angular_core.js",
      "fileHash": "f85aef1f",
      "needsInterop": false
    },
    "@angular/forms": {
      "src": "../../../../../../node_modules/@angular/forms/fesm2022/forms.mjs",
      "file": "@angular_forms.js",
      "fileHash": "ebb48e68",
      "needsInterop": false
    },
    "@angular/platform-browser": {
      "src": "../../../../../../node_modules/@angular/platform-browser/fesm2022/platform-browser.mjs",
      "file": "@angular_platform-browser.js",
      "fileHash": "e0e54ea6",
      "needsInterop": false
    },
    "@angular/router": {
      "src": "../../../../../../node_modules/@angular/router/fesm2022/router.mjs",
      "file": "@angular_router.js",
      "fileHash": "95261be1",
      "needsInterop": false
    },
    "rxjs": {
      "src": "../../../../../../node_modules/rxjs/dist/esm5/index.js",
      "file": "rxjs.js",
      "fileHash": "531dcd2b",
      "needsInterop": false
    },
    "rxjs/operators": {
      "src": "../../../../../../node_modules/rxjs/dist/esm5/operators/index.js",
      "file": "rxjs_operators.js",
      "fileHash": "5a537fdb",
      "needsInterop": false
    }
  },
  "chunks": {
    "chunk-SPQTHPFJ": {
      "file": "chunk-SPQTHPFJ.js"
    },
    "chunk-QQC45VMZ": {
      "file": "chunk-QQC45VMZ.js"
    },
    "chunk-IXZA2JJ5": {
      "file": "chunk-IXZA2JJ5.js"
    },
    "chunk-766Y4JHU": {
      "file": "chunk-766Y4JHU.js"
    },
    "chunk-C6ZQOQFD": {
      "file": "chunk-C6ZQOQFD.js"
    },
    "chunk-JINMNLB2": {
      "file": "chunk-JINMNLB2.js"
    },
    "chunk-2C44WUKA": {
      "file": "chunk-2C44WUKA.js"
    }
  }
}